,Date,Food_Price,Air_Temperature (°C),€/kWh,Precipitation (l/m²)
0,1996-01,74.9,-2.82,,7.0
1,1996-02,75.5,-2.18,,48.6
2,1996-03,76.1,1.0,,23.3
3,1996-04,76.4,8.4,,23.1
4,1996-05,76.2,11.15,,91.4
5,1996-06,76.1,15.65,,51.8
6,1996-07,76.1,15.89,,94.1
7,1996-08,75.2,17.15,,87.7
8,1996-09,74.5,10.9,,50.3
9,1996-10,74.3,9.17,,79.0
10,1996-11,74.2,4.48,,86.1
11,1996-12,74.4,-2.36,,40.5
12,1997-01,76.1,-2.63,,11.2
13,1997-02,76.2,4.1,,85.2
14,1997-03,75.8,5.84,,48.4
15,1997-04,76.3,6.36,,45.4
16,1997-05,76.9,12.66,,64.3
17,1997-06,77.2,15.85,,91.0
18,1997-07,76.7,17.15,,111.9
19,1997-08,75.9,19.81,,44.9
20,1997-09,75.8,13.7,,25.4
21,1997-10,75.7,7.66,,63.7
22,1997-11,75.9,3.98,,38.3
23,1997-12,76.4,2.2,,84.3
24,1998-01,77.4,2.39,,64.4
25,1998-02,77.3,4.33,,20.5
26,1998-03,77.0,4.98,,69.6
27,1998-04,77.4,8.85,,74.7
28,1998-05,77.9,14.03,,45.1
29,1998-06,78.0,16.45,,96.2
30,1998-07,77.4,16.42,,81.7
31,1998-08,76.5,16.73,,62.9
32,1998-09,76.1,13.35,,111.2
33,1998-10,75.7,8.7,,166.1
34,1998-11,76.0,1.55,,74.3
35,1998-12,76.2,0.99,,52.9
36,1999-01,77.0,2.6,,66.1
37,1999-02,77.0,0.39,,84.0
38,1999-03,76.9,5.41,,63.0
39,1999-04,77.3,8.9,,58.4
40,1999-05,77.3,13.76,,76.0
41,1999-06,76.8,15.23,,78.6
42,1999-07,76.1,18.98,,71.6
43,1999-08,75.2,17.17,,68.6
44,1999-09,74.9,16.82,,54.2
45,1999-10,74.6,8.99,,41.8
46,1999-11,74.8,3.46,,54.6
47,1999-12,75.0,2.17,,121.1
48,2000-01,75.9,1.06,,54.8
49,2000-02,76.4,3.87,,95.2
50,2000-03,75.8,5.17,,105.5
51,2000-04,76.2,10.15,,35.4
52,2000-05,76.5,14.62,,66.0
53,2000-06,76.6,16.99,,50.5
54,2000-07,76.2,15.3,,120.8
55,2000-08,75.4,17.6,,71.1
56,2000-09,75.1,13.91,,81.7
57,2000-10,75.0,10.56,,58.7
58,2000-11,75.4,6.1,,49.1
59,2000-12,76.1,3.12,,49.1
60,2001-01,77.4,0.87,,61.1
61,2001-02,77.7,2.26,,58.6
62,2001-03,78.5,4.23,,109.2
63,2001-04,80.0,7.1,,73.6
64,2001-05,81.5,14.39,,40.3
65,2001-06,81.8,14.34,,93.8
66,2001-07,81.3,18.56,,68.9
67,2001-08,79.9,18.59,,68.3
68,2001-09,79.7,11.77,,138.5
69,2001-10,79.8,12.48,,45.3
70,2001-11,79.3,3.82,,84.9
71,2001-12,79.8,-0.21,,86.3
72,2002-01,82.4,1.19,,47.4
73,2002-02,82.0,5.05,,114.9
74,2002-03,81.8,5.39,,62.9
75,2002-04,81.8,8.06,,54.0
76,2002-05,81.7,13.77,,79.1
77,2002-06,80.9,17.39,,70.9
78,2002-07,80.3,17.71,,116.2
79,2002-08,79.4,18.8,,119.8
80,2002-09,79.3,13.15,,58.4
81,2002-10,79.0,8.29,,108.9
82,2002-11,78.6,5.55,,114.5
83,2002-12,78.9,0.34,,71.2
84,2003-01,79.9,-0.25,,82.8
85,2003-02,80.3,-1.86,,21.0
86,2003-03,80.7,5.34,,27.4
87,2003-04,80.9,8.5,,36.6
88,2003-05,81.0,14.14,,66.0
89,2003-06,81.3,19.35,,51.9
90,2003-07,80.7,19.11,,68.0
91,2003-08,79.7,20.56,,33.1
92,2003-09,80.1,13.85,,52.8
93,2003-10,80.2,5.94,,74.1
94,2003-11,80.0,6.02,,38.8
95,2003-12,80.2,1.81,,55.7
96,2004-01,81.1,-0.09,,109.4
97,2004-02,80.7,2.42,,51.3
98,2004-03,80.5,4.11,,37.6
99,2004-04,80.7,9.35,,40.1
100,2004-05,80.9,11.58,,72.3
101,2004-06,81.0,15.27,,72.6
102,2004-07,80.5,16.8,,104.0
103,2004-08,79.6,18.43,,89.2
104,2004-09,79.1,14.01,,64.3
105,2004-10,79.1,10.08,,53.3
106,2004-11,79.0,4.21,,72.8
107,2004-12,79.9,1.08,,45.1
108,2005-01,80.2,2.03,,71.0
109,2005-02,80.7,-1.03,,67.7
110,2005-03,80.9,3.63,,44.0
111,2005-04,80.8,9.26,,57.0
112,2005-05,81.2,12.76,,84.5
113,2005-06,81.2,16.38,,53.3
114,2005-07,80.4,18.02,,110.0
115,2005-08,79.6,15.78,,83.7
116,2005-09,79.5,14.99,,56.3
117,2005-10,79.2,10.99,,40.3
118,2005-11,79.4,4.17,,48.1
119,2005-12,80.1,0.87,,69.4
120,2006-01,80.9,-2.59,,26.7
121,2006-02,81.2,-0.36,,54.4
122,2006-03,81.1,1.52,,84.1
123,2006-04,81.5,8.04,,66.2
124,2006-05,82.2,13.06,,94.5
125,2006-06,82.3,16.82,,47.2
126,2006-07,82.0,21.99,,49.5
127,2006-08,81.7,15.54,,135.8
128,2006-09,81.9,16.9,,30.3
129,2006-10,81.6,12.14,,59.1
130,2006-11,81.8,7.03,,55.5
131,2006-12,82.2,4.43,,46.7
132,2007-01,83.0,4.76,0.0840857142857142,98.2
133,2007-02,82.9,3.94,0.0840857142857142,75.8
134,2007-03,82.7,6.18,0.0840857142857142,63.3
135,2007-04,83.7,11.52,0.0840857142857142,4.0
136,2007-05,83.6,14.16,0.0840857142857142,131.1
137,2007-06,83.7,17.38,0.0840857142857142,108.6
138,2007-07,83.5,17.24,0.0861571428571428,121.3
139,2007-08,83.7,16.86,0.0861571428571428,95.0
140,2007-09,84.1,12.58,0.0861571428571428,97.4
141,2007-10,85.6,8.35,0.0861571428571428,26.4
142,2007-11,86.5,3.67,0.0861571428571428,85.3
143,2007-12,87.1,1.59,0.0861571428571428,63.1
144,2008-01,88.4,3.65,0.0909142857142857,74.0
145,2008-02,88.4,3.72,0.0909142857142857,45.3
146,2008-03,88.8,4.24,0.0909142857142857,86.9
147,2008-04,89.1,7.64,0.0909142857142857,80.2
148,2008-05,89.2,14.51,0.0909142857142857,30.2
149,2008-06,89.2,16.94,0.0909142857142857,59.1
150,2008-07,89.4,18.02,0.0938857142857142,88.6
151,2008-08,89.0,17.38,0.0938857142857142,87.6
152,2008-09,88.8,12.44,0.0938857142857142,57.1
153,2008-10,89.0,9.09,0.0938857142857142,76.2
154,2008-11,88.3,5.06,0.0938857142857142,44.7
155,2008-12,88.9,1.06,0.0938857142857142,48.5
156,2009-01,89.3,-2.16,0.1021428571428571,33.2
157,2009-02,89.4,0.51,0.1021428571428571,62.1
158,2009-03,88.9,4.3,0.1021428571428571,77.7
159,2009-04,88.6,11.83,0.1021428571428571,30.3
160,2009-05,88.1,13.62,0.1021428571428571,76.0
161,2009-06,88.4,14.81,0.1021428571428571,85.1
162,2009-07,87.3,18.01,0.1079428571428571,107.6
163,2009-08,86.4,18.65,0.1079428571428571,42.5
164,2009-09,86.1,14.69,0.1079428571428571,41.6
165,2009-10,86.0,8.17,0.1079428571428571,79.4
166,2009-11,86.4,7.38,0.1079428571428571,93.0
167,2009-12,87.0,0.32,0.1079428571428571,84.2
168,2010-01,88.1,-3.65,0.1102714285714285,46.8
169,2010-02,88.3,-0.5,0.1102714285714285,48.5
170,2010-03,89.1,4.2,0.1102714285714285,52.2
171,2010-04,89.9,8.69,0.1102714285714285,20.8
172,2010-05,89.3,10.43,0.1102714285714285,103.3
173,2010-06,89.5,16.33,0.1102714285714285,49.4
174,2010-07,89.6,20.33,0.0973166666666666,81.5
175,2010-08,88.8,16.7,0.0973166666666666,161.6
176,2010-09,88.7,12.39,0.0973166666666666,82.7
177,2010-10,88.5,8.13,0.0973166666666666,35.8
178,2010-11,89.3,4.76,0.0973166666666666,96.9
179,2010-12,90.2,-3.66,0.0973166666666666,89.1
180,2011-01,90.5,0.95,0.09715,63.8
181,2011-02,91.2,0.93,0.09715,30.5
182,2011-03,91.4,4.91,0.09715,20.4
183,2011-04,91.4,11.59,0.09715,25.0
184,2011-05,91.8,13.87,0.09715,44.1
185,2011-06,91.3,16.54,0.09715,89.9
186,2011-07,91.1,16.1,0.09915,124.0
187,2011-08,90.8,17.72,0.09915,97.0
188,2011-09,91.1,15.22,0.09915,58.6
189,2011-10,91.3,9.39,0.09915,53.1
190,2011-11,91.6,4.5,0.09915,2.4
191,2011-12,92.2,3.9,0.09915,124.1
192,2012-01,93.1,1.91,0.09675,105.1
193,2012-02,94.3,-2.5,0.09675,25.0
194,2012-03,94.7,6.94,0.09675,14.9
195,2012-04,94.5,8.15,0.09675,42.7
196,2012-05,94.0,14.21,0.09675,52.8
197,2012-06,94.4,15.47,0.09675,97.1
198,2012-07,93.8,17.39,0.0954,99.0
199,2012-08,93.8,18.43,0.0954,64.7
200,2012-09,93.7,13.63,0.0954,49.0
201,2012-10,94.3,8.72,0.0954,60.7
202,2012-11,95.5,5.2,0.0954,58.5
203,2012-12,96.4,1.49,0.0954,98.0
204,2013-01,97.3,0.2,0.0939166666666666,64.4
205,2013-02,97.2,-0.72,0.0939166666666666,51.1
206,2013-03,98.1,0.07,0.0939166666666666,33.4
207,2013-04,98.2,8.1,0.0939166666666666,39.9
208,2013-05,99.2,11.78,0.0939166666666666,128.2
209,2013-06,99.4,15.66,0.0939166666666666,91.8
210,2013-07,99.1,19.45,0.0941166666666666,38.9
211,2013-08,98.1,17.93,0.0941166666666666,56.4
212,2013-09,97.9,13.27,0.0941166666666666,83.4
213,2013-10,98.0,10.64,0.0941166666666666,77.8
214,2013-11,98.3,4.63,0.0941166666666666,72.1
215,2013-12,100.0,3.56,0.0941166666666666,41.2
216,2014-01,100.7,2.12,0.0884333333333333,44.9
217,2014-02,100.6,4.34,0.0884333333333333,32.1
218,2014-03,100.1,6.94,0.0884333333333333,18.6
219,2014-04,99.8,10.77,0.0884333333333333,42.4
220,2014-05,99.4,12.4,0.0884333333333333,90.4
221,2014-06,99.3,16.09,0.0884333333333333,51.4
222,2014-07,99.1,19.3,0.0864833333333333,126.6
223,2014-08,98.5,15.96,0.0864833333333333,97.2
224,2014-09,98.7,14.92,0.0864833333333333,54.5
225,2014-10,98.6,11.88,0.0864833333333333,63.7
226,2014-11,98.3,6.47,0.0864833333333333,29.7
227,2014-12,98.7,2.73,0.0864833333333333,75.5
228,2015-01,99.3,2.19,0.0839666666666666,85.4
229,2015-02,100.1,0.72,0.0839666666666666,22.3
230,2015-03,100.0,5.18,0.0839666666666666,55.5
231,2015-04,100.8,8.42,0.0839666666666666,41.4
232,2015-05,100.8,12.34,0.0839666666666666,51.7
233,2015-06,100.1,15.82,0.0839666666666666,57.5
234,2015-07,99.4,19.39,0.084,72.2
235,2015-08,99.1,19.87,0.084,74.8
236,2015-09,99.7,12.96,0.084,56.3
237,2015-10,100.3,8.38,0.084,46.6
238,2015-11,100.5,7.51,0.084,101.0
239,2015-12,100.0,6.49,0.084,36.5
240,2016-01,100.1,1.01,0.0788166666666666,77.3
241,2016-02,100.9,3.33,0.0788166666666666,77.8
242,2016-03,101.4,4.01,0.0788166666666666,45.5
243,2016-04,101.6,7.89,0.0788166666666666,53.3
244,2016-05,101.0,13.69,0.0788166666666666,67.7
245,2016-06,100.5,16.99,0.0788166666666666,115.5
246,2016-07,100.8,18.61,0.0773499999999999,70.0
247,2016-08,100.2,17.72,0.0773499999999999,46.2
248,2016-09,100.4,16.85,0.07735,39.1
249,2016-10,100.4,8.49,0.07735,57.0
250,2016-11,101.6,3.83,0.0773499999999999,57.3
251,2016-12,102.8,2.16,0.0773499999999999,26.5
252,2017-01,103.5,-2.15,0.0756166666666666,45.2
253,2017-02,105.6,2.9,0.0756166666666666,44.6
254,2017-03,103.7,7.2,0.0756166666666666,57.0
255,2017-04,103.3,7.42,0.0756166666666666,41.4
256,2017-05,103.2,14.13,0.0756166666666666,59.6
257,2017-06,103.1,17.76,0.0756166666666666,89.3
258,2017-07,103.4,18.06,0.0751833333333333,132.4
259,2017-08,103.2,17.87,0.0751833333333333,85.6
260,2017-09,103.8,12.79,0.0751833333333333,66.3
261,2017-10,104.7,11.14,0.0751833333333333,76.7
262,2017-11,104.9,5.11,0.0751833333333333,81.5
263,2017-12,105.7,2.71,0.0751833333333333,79.1
264,2018-01,106.5,3.72,0.07695,101.7
265,2018-02,106.4,-1.87,0.07695,17.8
266,2018-03,106.6,2.36,0.07695,50.9
267,2018-04,106.7,12.32,0.07695,37.7
268,2018-05,106.9,16.03,0.07695,52.0
269,2018-06,106.5,17.73,0.07695,47.4
270,2018-07,106.1,20.29,0.0783333333333333,40.0
271,2018-08,105.8,19.91,0.0783333333333333,42.0
272,2018-09,106.7,15.09,0.0783333333333333,44.2
273,2018-10,106.6,10.72,0.0783333333333333,28.4
274,2018-11,106.4,5.21,0.0783333333333333,20.2
275,2018-12,106.8,3.9,0.0783333333333333,104.1
276,2019-01,107.3,0.63,0.0843833333333333,81.8
277,2019-02,107.9,3.95,0.0843833333333333,29.9
278,2019-03,107.4,6.58,0.0843833333333333,74.7
279,2019-04,107.4,9.62,0.0843833333333333,29.4
280,2019-05,107.8,10.99,0.0843833333333333,78.6
281,2019-06,108.0,19.78,0.0843833333333333,55.6
282,2019-07,108.3,18.9,0.073,56.0
283,2019-08,108.5,19.06,0.073,63.0
284,2019-09,108.3,14.05,0.073,64.5
285,2019-10,107.9,10.81,0.073,83.8
286,2019-11,108.4,5.22,0.073,58.9
287,2019-12,109.0,3.75,0.073,58.8
288,2020-01,110.0,3.48,0.0809833333333333,40.5
289,2020-02,111.6,5.29,0.0809833333333333,124.1
290,2020-03,111.4,5.27,0.0809833333333333,50.9
291,2020-04,112.6,10.35,0.0809833333333333,16.3
292,2020-05,112.7,11.91,0.0809833333333333,38.4
293,2020-06,112.5,16.89,0.0809833333333333,90.9
294,2020-07,109.5,17.69,0.0848666666666666,51.8
295,2020-08,109.2,19.95,0.0848666666666666,85.5
296,2020-09,109.0,14.82,0.0848666666666666,50.0
297,2020-10,109.4,10.21,0.0848666666666666,78.4
298,2020-11,109.9,6.18,0.0848666666666666,20.7
299,2020-12,109.5,3.08,0.0848666666666666,57.5
300,2021-01,112.3,0.63,0.0874833333333333,80.2
301,2021-02,113.2,1.71,0.0874833333333333,48.9
302,2021-03,113.1,4.77,0.0874833333333333,46.0
303,2021-04,114.5,6.02,0.0874833333333333,34.7
304,2021-05,114.2,10.72,0.0874833333333333,94.9
305,2021-06,113.8,18.98,0.0874833333333333,95.4
306,2021-07,114.2,18.37,0.0983333333333333,107.2
307,2021-08,114.2,16.4,0.0983333333333333,102.5
308,2021-09,114.2,15.16,0.0983333333333333,35.3
309,2021-10,114.2,9.63,0.0983333333333333,44.8
310,2021-11,114.8,4.9,0.0983333333333333,49.7
311,2021-12,116.0,2.58,0.0983333333333333,61.4
312,2022-01,117.8,2.79,0.1491166666666666,58.2
313,2022-02,119.1,4.47,0.1491166666666666,83.7
314,2022-03,120.1,5.09,0.1491166666666666,15.0
315,2022-04,124.2,7.75,0.1491166666666666,56.5
316,2022-05,126.7,14.44,0.1491166666666666,47.0
317,2022-06,128.0,18.33,0.1491166666666666,56.2
318,2022-07,130.8,19.13,0.18485,37.8
319,2022-08,132.9,20.23,0.18485,48.9
320,2022-09,135.2,13.37,0.18485,100.0
321,2022-10,136.9,12.52,0.18485,49.7
322,2022-11,138.7,6.35,0.18485,48.9
323,2022-12,139.8,1.8,0.18485,67.1
324,2023-01,142.0,3.62,,69.4
325,2023-02,145.6,3.21,,43.1
326,2023-03,147.6,5.74,,90.4
327,2023-04,146.5,7.53,,63.6
328,2023-05,146.2,13.08,,42.7
329,2023-06,146.0,18.56,,50.4
330,2023-07,,18.72,,97.0
